Carimbo de data/hora,Idade,Gênero,Área de formação,Como você descreveria seu uso de ferramentas de IA?,Com que frequência você lê narrativas de ficção?,Você já conhecia este conto antes?,Essa interpretação foi gerada por um anotador humano ou por IA? (UF),O quão plausível/apropriada é a resposta em relação ao texto? (UF),Essa interpretação foi gerada por um anotador humano ou por IA? (PF),O quão plausível/apropriada é a resposta em relação ao texto? (PF),Essa interpretação foi gerada por um anotador humano ou por IA? (MA),O quão plausível/apropriada é a resposta em relação ao texto? (MA),Essa interpretação foi gerada por um anotador humano ou por IA? (BQ),O quão plausível/apropriada é a resposta em relação ao texto? (BQ),Essa interpretação foi gerada por um anotador humano ou por IA? (GQ),O quão plausível/apropriada é a resposta em relação ao texto? (GQ),Essa interpretação foi gerada por um anotador humano ou por IA? (AC),O quão plausível/apropriada é a resposta em relação ao texto? (AC),Essa interpretação foi gerada por um anotador humano ou por IA? (EO),O quão plausível/apropriada é a resposta em relação ao texto? (EO),Essa interpretação foi gerada por um anotador humano ou por IA? (XL),O quão plausível/apropriada é a resposta em relação ao texto? (XL),Essa interpretação foi gerada por um anotador humano ou por IA? (NV),O quão plausível/apropriada é a resposta em relação ao texto? (NV),Você já conhecia este conto antes?,Essa interpretação foi gerada por um anotador humano ou por IA? (HD),O quão plausível/apropriada é a resposta em relação ao texto? (HD),Essa interpretação foi gerada por um anotador humano ou por IA? (SV),O quão plausível/apropriada é a resposta em relação ao texto? (SV),Essa interpretação foi gerada por um anotador humano ou por IA? (VO),O quão plausível/apropriada é a resposta em relação ao texto? (VO),Essa interpretação foi gerada por um anotador humano ou por IA? (MO),O quão plausível/apropriada é a resposta em relação ao texto? (MO),Essa interpretação foi gerada por um anotador humano ou por IA? (IW),O quão plausível/apropriada é a resposta em relação ao texto? (IW),Essa interpretação foi gerada por um anotador humano ou por IA? (HC),O quão plausível/apropriada é a resposta em relação ao texto? (HC),Essa interpretação foi gerada por um anotador humano ou por IA? (WM),O quão plausível/apropriada é a resposta em relação ao texto? (WM),Essa interpretação foi gerada por um anotador humano ou por IA? (TQ),O quão plausível/apropriada é a resposta em relação ao texto? (TQ),Essa interpretação foi gerada por um anotador humano ou por IA? (FG),O quão plausível/apropriada é a resposta em relação ao texto? (FG),Você já conhecia este conto antes?,Essa interpretação foi gerada por um anotador humano ou por IA? (BN),O quão plausível/apropriada é a resposta em relação ao texto? (BN),Essa interpretação foi gerada por um anotador humano ou por IA? (FI),O quão plausível/apropriada é a resposta em relação ao texto? (FI),Essa interpretação foi gerada por um anotador humano ou por IA? (PQ),O quão plausível/apropriada é a resposta em relação ao texto? (PQ),Essa interpretação foi gerada por um anotador humano ou por IA? (GY),O quão plausível/apropriada é a resposta em relação ao texto? (GY),Essa interpretação foi gerada por um anotador humano ou por IA? (NW),O quão plausível/apropriada é a resposta em relação ao texto? (NW),Essa interpretação foi gerada por um anotador humano ou por IA? (OR),O quão plausível/apropriada é a resposta em relação ao texto? (OR),Essa interpretação foi gerada por um anotador humano ou por IA? (UA),O quão plausível/apropriada é a resposta em relação ao texto? (UA),Essa interpretação foi gerada por um anotador humano ou por IA? (GV),O quão plausível/apropriada é a resposta em relação ao texto? (GV),Essa interpretação foi gerada por um anotador humano ou por IA? (RO),O quão plausível/apropriada é a resposta em relação ao texto? (RO)
03/06/2026 20:32:36,25–34,Feminino,Exatas,Uso diariamente,Algumas vezes por semana,Não,Humano,5,IA,1,IA,2,Humano,5,Humano,5,IA,3,IA,3,Humano,5,IA,2,Não,IA,3,Humano,5,IA,3,Humano,5,IA,4,Humano,5,Humano,5,IA,2,IA,3,Não,Humano,4,IA,2,Humano,5,IA,4,Humano,3,Humano,5,Humano,5,IA,4,IA,3
03/06/2026 20:38:46,18–24,Feminino,Humanas,Uso raramente (algumas vezes por mês),Algumas vezes por semana,Sim,Humano,4,IA,3,IA,4,Humano,5,IA,3,IA,5,IA,4,IA,3,IA,4,Não,IA,4,IA,3,IA,2,IA,3,IA,3,Humano,4,IA,5,Humano,5,IA,4,Não,IA,4,IA,3,IA,3,IA,4,IA,4,Humano,3,Humano,3,Humano,4,Humano,4
03/06/2026 20:43:03,18–24,Feminino,Exatas,Uso com frequência (algumas vezes por semana),Raramente ou nunca,Sim,Humano,5,IA,5,IA,5,Humano,5,Humano,5,IA,5,IA,5,IA,5,IA,5,Não,Humano,5,Humano,5,Humano,5,IA,5,IA,5,IA,5,IA,5,Humano,5,IA,5,Não,Humano,5,IA,5,Humano,5,IA,5,Humano,5,Humano,5,Humano,5,IA,5,Humano,5
03/06/2026 23:41:43,18–24,Masculino,Exatas,Uso diariamente,Algumas vezes por semana,Não,Humano,3,IA,5,IA,4,Humano,5,IA,3,Humano,4,Humano,5,IA,2,IA,3,Não,Humano,4,Humano,3,IA,3,Humano,5,IA,5,Humano,4,IA,4,IA,4,Humano,4,Não,Humano,5,IA,4,IA,2,IA,3,Humano,4,IA,2,Humano,4,Humano,3,Humano,2
04/06/2026 15:27:54,18–24,Feminino,Exatas,Uso raramente (algumas vezes por mês),Algumas vezes por semana,Não,Humano,4,IA,4,Humano,4,Humano,4,Humano,3,IA,4,IA,3,Humano,4,Humano,3,Não,Humano,4,Humano,5,IA,2,Humano,4,Humano,4,IA,3,Humano,5,Humano,4,Humano,4,Talvez,IA,3,IA,3,IA,4,Humano,5,Humano,4,Humano,4,IA,2,Humano,4,IA,2
04/06/2026 19:48:02,18–24,Masculino,Exatas,Uso diariamente,Algumas vezes por semana,Sim,IA,2,Humano,4,IA,3,Humano,4,IA,2,IA,2,Humano,4,Humano,3,IA,5,Não,Humano,5,Humano,5,IA,2,IA,3,Humano,4,Humano,5,IA,4,IA,2,IA,3,Não,IA,3,IA,2,Humano,4,IA,4,IA,4,Humano,4,Humano,5,Humano,4,Humano,3
04/06/2026 22:47:37,18–24,Masculino,Exatas,Uso com frequência (algumas vezes por semana),Algumas vezes por mês,Não,Humano,4,IA,2,IA,3,Humano,4,Humano,3,IA,3,Humano,4,Humano,4,IA,3,Não,Humano,4,Humano,3,IA,3,Humano,3,Humano,4,Humano,4,Humano,4,IA,3,IA,3,Não,Humano,4,IA,3,Humano,3,IA,4,Humano,4,Humano,4,Humano,3,Humano,4,Humano,3
05/06/2026 01:27:17,18–24,Feminino,Humanas,Uso raramente (algumas vezes por mês),Algumas vezes por semana,Não,Humano,4,IA,3,Humano,5,Humano,4,Humano,4,IA,3,Humano,3,Humano,3,IA,5,Não,Humano,4,IA,3,IA,4,Humano,4,IA,4,IA,3,Humano,4,Humano,4,IA,4,Não,IA,1,IA,1,IA,1,IA,1,IA,1,IA,1,IA,1,IA,1,IA,1
06/06/2026 10:38:44,18–24,Feminino,Exatas,Uso raramente (algumas vezes por mês),Algumas vezes por ano,Sim,Humano,3,IA,3,IA,3,IA,3,IA,3,IA,3,Humano,3,Humano,3,IA,3,Não,IA,3,Humano,3,IA,3,IA,3,Humano,3,IA,3,Humano,3,IA,3,Humano,3,Não,Humano,3,IA,3,Humano,3,IA,3,Humano,3,IA,3,Humano,3,IA,3,IA,3
06/06/2026 15:20:25,18–24,Feminino,Exatas,Uso com frequência (algumas vezes por semana),Algumas vezes por semana,Não,Humano,5,IA,4,IA,4,IA,5,Humano,3,IA,5,IA,5,Humano,4,IA,5,Não,IA,5,Humano,4,IA,4,IA,5,IA,5,Humano,5,IA,5,IA,5,IA,5,Não,IA,4,IA,5,Humano,4,IA,5,IA,5,IA,5,Humano,4,IA,5,Humano,4
07/06/2026 18:46:38,18–24,Masculino,Exatas,Uso raramente (algumas vezes por mês),Algumas vezes por semana,Não,Humano,5,Humano,4,IA,4,Humano,5,IA,2,IA,3,Humano,5,IA,3,IA,5,Não,Humano,4,Humano,4,Humano,5,IA,2,Humano,2,Humano,5,IA,5,IA,3,IA,2,Não,Humano,5,Humano,5,Humano,5,Humano,5,IA,5,Humano,5,Humano,3,Humano,4,IA,3
07/06/2026 19:52:33,18–24,Feminino,Outro,Uso raramente (algumas vezes por mês),Algumas vezes por ano,Sim,IA,2,Humano,5,Humano,5,IA,2,IA,3,IA,2,Humano,4,IA,1,IA,4,Sim,Humano,5,IA,4,IA,4,IA,4,IA,4,Humano,4,Humano,4,IA,2,IA,5,Não,IA,4,IA,5,Humano,4,Humano,5,Humano,5,Humano,5,Humano,5,IA,4,Humano,5
07/06/2026 20:15:36,18–24,Feminino,Humanas,Uso raramente (algumas vezes por mês),Algumas vezes por ano,Não,Humano,5,IA,3,Humano,4,Humano,5,Humano,3,IA,3,Humano,3,Humano,3,IA,4,Sim,Humano,5,Humano,5,Humano,4,IA,4,Humano,5,Humano,5,Humano,5,Humano,5,IA,4,Não,IA,2,IA,3,Humano,4,IA,4,IA,3,Humano,4,Humano,3,Humano,5,Humano,2
08/06/2026 15:38:02,18–24,Masculino,Exatas,Uso com frequência (algumas vezes por semana),Algumas vezes por mês,Não,Humano,5,IA,4,IA,5,Humano,5,Humano,4,IA,5,IA,2,Humano,5,IA,5,Não,Humano,5,IA,4,IA,5,Humano,4,IA,5,Humano,5,Humano,5,Humano,5,Humano,4,Não,IA,5,IA,4,Humano,5,IA,4,IA,5,IA,4,Humano,5,IA,5,Humano,5
09/06/2026 00:14:31,18–24,Masculino,Exatas,Uso diariamente,Diariamente,Não,Humano,4,IA,4,Humano,5,IA,4,Humano,3,IA,4,Humano,4,IA,4,IA,5,Não,Humano,5,IA,4,IA,4,Humano,5,Humano,5,IA,5,IA,5,Humano,5,Humano,4,Não,Humano,5,IA,4,IA,3,IA,4,Humano,5,IA,4,Humano,3,IA,4,Humano,4
09/06/2026 10:36:34,18–24,Feminino,Exatas,Uso com frequência (algumas vezes por semana),Algumas vezes por semana,Não,Humano,5,Humano,5,IA,4,IA,4,IA,3,Humano,4,IA,3,Humano,5,Humano,5,Talvez,Humano,5,IA,4,IA,3,Humano,4,IA,4,Humano,5,Humano,5,Humano,5,Humano,5,Não,Humano,5,Humano,5,Humano,5,Humano,5,Humano,5,Humano,5,Humano,5,Humano,5,Humano,4
09/06/2026 17:45:00,18–24,Feminino,Exatas,Uso com frequência (algumas vezes por semana),Algumas vezes por ano,Sim,Humano,5,IA,4,Humano,4,Humano,3,Humano,4,Humano,2,Humano,4,Humano,2,IA,5,Não,Humano,3,Humano,5,Humano,5,Humano,2,Humano,5,Humano,5,Humano,4,Humano,4,Humano,3,Não,Humano,4,IA,4,Humano,2,IA,4,Humano,5,Humano,5,Humano,4,Humano,4,Humano,2
09/06/2026 20:04:18,25–34,Feminino,Humanas,Uso raramente (algumas vezes por mês),Diariamente,Sim,Humano,5,IA,3,IA,4,IA,4,Humano,4,IA,4,IA,4,Humano,4,IA,4,Não,Humano,5,Humano,4,IA,4,IA,4,IA,4,Humano,4,IA,5,Humano,5,IA,4,Não,IA,4,IA,4,Humano,3,IA,4,IA,4,Humano,4,Humano,4,IA,4,Humano,4
09/06/2026 20:14:15,18–24,Masculino,Exatas,Uso com frequência (algumas vezes por semana),Algumas vezes por ano,Não,Humano,4,IA,4,IA,5,Humano,3,Humano,2,IA,3,Humano,4,Humano,3,IA,3,Sim,Humano,4,Humano,2,IA,3,IA,4,IA,2,Humano,4,IA,4,Humano,4,IA,5,Talvez,IA,3,IA,5,Humano,2,IA,3,Humano,3,Humano,4,Humano,2,IA,3,Humano,2
09/06/2026 22:16:48,18–24,Feminino,Humanas,Uso raramente (algumas vezes por mês),Diariamente,Sim,IA,4,Humano,4,Humano,4,Humano,3,Humano,2,IA,3,Humano,4,IA,4,IA,3,Não,IA,2,IA,3,Humano,2,Humano,4,IA,4,Humano,4,Humano,3,Humano,3,Humano,3,Talvez,IA,4,IA,3,Humano,3,Humano,4,Humano,4,Humano,4,Humano,5,IA,3,IA,2
10/06/2026 01:45:18,18–24,Feminino,Humanas,Uso raramente (algumas vezes por mês),Algumas vezes por mês,Sim,Humano,4,IA,4,IA,4,Humano,4,Humano,2,Humano,3,IA,1,IA,1,IA,1,Não,Humano,4,IA,2,IA,2,IA,3,IA,4,Humano,4,Humano,5,Humano,3,Humano,4,Não,Humano,3,Humano,4,Humano,2,Humano,4,IA,4,Humano,4,Humano,3,IA,3,Humano,2
10/06/2026 13:35:42,18–24,Feminino,Exatas,Uso com frequência (algumas vezes por semana),Algumas vezes por ano,Não,IA,5,Humano,5,Humano,5,Humano,5,IA,5,IA,5,IA,5,Humano,5,Humano,5,Não,Humano,5,Humano,5,IA,5,Humano,5,Humano,5,Humano,5,IA,5,IA,5,Humano,5,Não,Humano,5,IA,5,Humano,5,Humano,5,Humano,5,Humano,5,IA,5,Humano,5,Humano,5