conto,anotador,count,mean,std
espelho,humano_anot1,22,3.727272727272727,1.202450600185906
espelho,humano_anot2,22,3.1818181818181817,1.2203186015043321
espelho,humano_anot3,22,3.5,1.224744871391589
fosforos,humano_anot1,22,3.227272727272727,0.9725674505593151
fosforos,humano_anot2,22,4.181818181818182,0.9579921282290986
fosforos,humano_anot3,22,3.4545454545454546,1.2238608980744083
vermelho,humano_anot1,22,3.909090909090909,1.1087999050492516
vermelho,humano_anot2,22,4.363636363636363,0.7267314002700916
vermelho,humano_anot3,22,3.8636363636363638,0.9902118361842988
